"";"newcol";"newcol";"newcol";"newcol";"newcol";"newcol";"newcol";"newcol";"newcol"
"1";2;5;7;8;11;11;11;17;19
"2";2;5;7;8;11;11;11;17;19
"3";2;5;7;8;11;11;11;17;18
"4";2;5;7;8;11;11;11;17;18
"5";2;5;7;8;10;12;15;15;15
"6";2;4;4;4;4;4;4;4;4
"7";2;5;7;8;11;11;11;17;18
"8";2;4;4;4;4;4;4;4;4
"9";2;4;4;4;4;4;4;4;4
"10";2;4;4;4;4;4;4;4;4
"11";2;5;7;8;10;12;15;15;15
"12";2;4;4;4;4;4;4;4;4
"13";2;4;4;4;4;4;4;4;4
"14";2;4;4;4;4;4;4;4;4
"15";2;4;4;4;4;4;4;4;4
"16";2;4;4;4;4;4;4;4;4
"17";2;4;4;4;4;4;4;4;4
"18";2;4;4;4;4;4;4;4;4
"19";2;5;7;8;11;11;11;17;18
"20";2;4;4;4;4;4;4;4;4
"21";2;5;7;8;10;12;15;15;15
"22";2;4;4;4;4;4;4;4;4
"23";2;4;4;4;4;4;4;4;4
"24";2;5;7;8;10;12;15;15;15
"25";2;5;7;8;10;12;15;15;15
"26";2;4;4;4;4;4;4;4;4
"27";2;4;4;4;4;4;4;4;4
"28";2;5;7;8;10;12;15;15;15
"29";2;5;7;8;10;12;15;15;15
"30";2;5;7;8;10;12;15;15;15
"31";2;4;4;4;4;4;4;4;4
"32";2;5;7;8;10;12;15;15;15
"33";2;5;7;8;10;12;15;15;15
"34";2;5;7;8;10;12;15;15;15
"35";2;4;4;4;4;4;4;4;4
"36";2;4;4;4;4;4;4;4;4
"37";2;4;4;4;4;4;4;4;4
"38";2;4;4;4;4;4;4;4;4
"39";2;4;4;4;4;4;4;4;4
"40";2;4;4;4;4;4;4;4;4
"41";2;4;4;4;4;4;4;4;4
"42";2;5;7;8;10;12;15;15;15
"43";2;5;7;8;11;11;11;17;19
"44";2;5;7;8;10;12;15;15;15
"45";2;5;7;8;10;12;15;15;15
"46";2;5;7;8;10;12;15;15;15
"47";2;4;4;4;4;4;4;4;4
"48";2;5;7;8;10;12;15;15;15
"49";2;5;7;8;10;12;15;15;15
"50";2;5;7;8;10;12;15;15;15
"51";2;4;4;4;4;4;4;4;4
"52";2;5;7;8;11;11;11;17;18
"53";2;5;7;8;10;12;15;15;15
"54";2;5;7;8;10;12;15;15;15
"55";2;5;7;8;10;12;15;15;15
"56";2;5;7;8;10;12;15;15;15
"57";2;5;7;8;10;12;14;14;14
"58";2;5;7;8;10;12;15;15;15
"59";2;5;7;8;10;12;15;15;15
"60";2;5;7;8;10;12;15;15;15
"61";2;5;7;8;10;12;15;15;15
"62";2;5;7;8;10;12;15;15;15
"63";2;5;7;8;10;12;15;15;15
"64";2;5;7;8;10;12;15;15;15
"65";2;5;7;8;11;11;11;17;18
"66";2;5;7;8;11;11;11;17;18
"67";2;5;7;8;10;12;15;15;15
"68";2;5;7;8;10;12;15;15;15
"69";2;5;7;8;10;12;15;15;15
"70";2;5;7;8;10;12;15;15;15
"71";2;5;7;8;11;11;11;17;19
"72";2;5;7;8;11;11;11;17;18
"73";2;5;7;8;11;11;11;17;18
"74";2;5;7;8;11;11;11;17;18
"75";2;5;7;8;10;13;13;13;13
"76";2;5;7;8;11;11;11;17;19
"77";2;5;7;8;11;11;11;16;16
"78";2;5;7;8;11;11;11;17;18
"79";2;5;7;8;10;12;15;15;15
"80";2;5;7;8;10;12;15;15;15
"81";2;5;7;8;10;12;15;15;15
"82";2;5;7;8;10;12;15;15;15
"83";2;5;7;8;10;12;15;15;15
"84";2;5;7;8;10;12;14;14;14
"85";2;5;7;8;11;11;11;17;18
"86";2;5;7;8;11;11;11;17;19
"87";2;5;7;8;10;12;15;15;15
"88";2;5;7;8;10;12;15;15;15
"89";2;5;7;8;11;11;11;17;18
"90";2;5;7;8;11;11;11;17;18
"91";2;5;7;8;11;11;11;17;18
"92";2;5;7;8;11;11;11;17;18
"93";2;5;7;8;11;11;11;17;18
"94";2;5;7;8;10;12;15;15;15
"95";2;5;7;8;11;11;11;17;18
"96";3;3;3;3;3;3;3;3;3
"97";3;3;3;3;3;3;3;3;3
"98";2;5;7;8;10;12;15;15;15
"99";2;5;7;8;10;12;15;15;15
"100";3;3;3;3;3;3;3;3;3
"101";3;3;3;3;3;3;3;3;3
"102";3;3;3;3;3;3;3;3;3
"103";3;3;3;3;3;3;3;3;3
"104";3;3;3;3;3;3;3;3;3
"105";2;5;7;8;10;12;15;15;15
"106";2;5;7;8;10;12;15;15;15
"107";2;5;7;8;10;12;15;15;15
"108";2;5;7;8;10;12;15;15;15
"109";2;5;7;8;11;11;11;17;18
"110";2;5;7;8;10;12;15;15;15
"111";2;5;7;8;10;12;15;15;15
"112";2;5;7;8;10;12;15;15;15
"113";2;5;7;8;11;11;11;17;19
"114";2;5;7;8;11;11;11;17;18
"115";2;5;7;8;11;11;11;17;18
"116";2;5;7;8;11;11;11;17;19
"117";2;5;7;8;11;11;11;17;18
"118";2;5;7;8;11;11;11;17;19
"119";2;5;7;8;11;11;11;17;19
"120";2;5;7;8;11;11;11;17;19
"121";2;5;7;8;10;12;15;15;15
"122";2;5;7;8;11;11;11;17;18
"123";2;5;7;8;10;12;15;15;15
"124";2;5;7;8;11;11;11;17;19
"125";2;5;7;8;11;11;11;17;19
"126";2;5;7;8;11;11;11;17;19
"127";2;5;7;8;10;12;14;14;14
"128";2;5;7;8;11;11;11;17;19
"129";2;5;7;8;11;11;11;17;19
"130";2;5;7;8;11;11;11;17;19
"131";2;5;7;8;11;11;11;17;19
"132";2;5;7;8;10;12;14;14;14
"133";2;5;7;8;11;11;11;17;18
"134";2;5;7;8;11;11;11;17;18
"135";2;5;7;8;11;11;11;17;19
"136";2;5;7;8;10;12;15;15;15
"137";2;5;7;8;10;12;15;15;15
"138";2;5;7;8;11;11;11;17;18
"139";2;5;7;8;11;11;11;17;18
"140";2;5;7;8;10;12;15;15;15
"141";2;5;7;8;11;11;11;17;19
"142";2;5;7;8;11;11;11;17;18
"143";2;4;4;4;4;4;4;4;4
"144";2;5;7;8;11;11;11;17;19
"145";2;4;4;4;4;4;4;4;4
"146";2;5;7;8;11;11;11;17;18
"147";2;5;7;8;11;11;11;17;18
"148";2;5;7;8;11;11;11;17;18
"149";2;5;7;8;11;11;11;17;18
"150";2;5;7;8;11;11;11;17;18
"151";2;4;4;4;4;4;4;4;4
"152";2;5;7;8;10;12;15;15;15
"153";2;5;7;8;10;12;14;14;14
"154";2;5;7;8;10;12;15;15;15
"155";2;5;7;8;11;11;11;16;16
"156";2;5;7;8;11;11;11;16;16
"157";2;5;7;8;11;11;11;17;19
"158";2;5;7;8;10;12;14;14;14
"159";2;5;7;8;11;11;11;17;19
"160";2;5;7;8;11;11;11;17;18
"161";2;5;7;8;10;13;13;13;13
"162";2;5;7;8;11;11;11;17;18
"163";2;5;7;8;11;11;11;17;18
"164";2;5;7;8;11;11;11;16;16
"165";2;5;7;8;10;12;15;15;15
"166";2;5;7;8;11;11;11;17;18
"167";2;5;7;8;11;11;11;17;18
"168";2;5;7;8;11;11;11;17;18
"169";2;5;7;8;11;11;11;17;18
"170";2;5;7;8;11;11;11;17;19
"171";2;5;7;8;11;11;11;17;18
"172";2;5;7;8;11;11;11;17;18
"173";2;5;7;8;11;11;11;17;18
"174";2;5;7;8;11;11;11;17;18
"175";2;5;7;8;11;11;11;17;18
"176";2;5;7;8;11;11;11;17;18
"177";2;5;7;8;11;11;11;17;18
"178";2;5;7;8;11;11;11;17;18
"179";2;5;7;8;11;11;11;17;18
"180";2;5;7;8;11;11;11;17;19
"181";2;5;7;8;11;11;11;17;18
"182";2;5;7;8;10;12;14;14;14
"183";2;5;7;8;11;11;11;17;19
"184";2;5;7;8;10;12;15;15;15
"185";2;5;7;8;11;11;11;17;19
"186";2;5;7;8;11;11;11;17;18
"187";2;5;7;8;11;11;11;17;18
"188";2;5;7;8;11;11;11;17;18
"189";2;4;4;4;4;4;4;4;4
"190";2;5;7;8;11;11;11;17;18
"191";2;5;7;8;11;11;11;17;19
"192";2;5;6;6;6;6;6;6;6
"193";2;5;6;6;6;6;6;6;6
"194";2;5;6;6;6;6;6;6;6
"195";2;5;6;6;6;6;6;6;6
"196";2;5;6;6;6;6;6;6;6
"197";2;5;7;8;11;11;11;17;18
"198";2;5;7;8;11;11;11;17;18
"199";2;5;7;8;11;11;11;17;18
"200";2;5;7;8;11;11;11;17;18
"201";2;5;7;8;11;11;11;17;18
"202";2;5;7;8;11;11;11;17;18
"203";2;5;7;8;11;11;11;17;18
"204";2;5;7;8;11;11;11;17;19
"205";2;5;7;8;10;12;14;14;14
"206";2;5;7;8;10;12;15;15;15
"207";2;5;7;8;10;12;15;15;15
"208";2;5;7;8;10;12;15;15;15
"209";2;5;7;8;10;12;15;15;15
"210";2;5;7;8;11;11;11;17;19
"211";2;5;7;8;11;11;11;17;19
"212";2;5;7;8;11;11;11;17;18
"213";2;5;7;8;11;11;11;17;18
"214";2;5;7;8;11;11;11;17;19
"215";2;5;7;8;11;11;11;17;19
"216";2;5;7;8;11;11;11;17;18
"217";2;5;7;8;10;12;15;15;15
"218";2;5;7;8;11;11;11;17;18
"219";2;5;7;8;10;13;13;13;13
"220";2;5;7;8;11;11;11;17;18
"221";2;5;7;8;11;11;11;17;19
"222";2;5;7;8;11;11;11;17;19
"223";2;5;7;8;10;12;14;14;14
"224";2;5;7;8;11;11;11;17;19
"225";2;5;7;8;11;11;11;17;19
"226";2;5;7;8;11;11;11;17;19
"227";2;5;7;8;11;11;11;17;19
"228";2;5;7;8;11;11;11;17;19
"229";2;5;7;8;10;12;15;15;15
"230";2;5;7;8;10;12;15;15;15
"231";2;5;7;8;11;11;11;17;19
"232";2;5;7;8;10;12;15;15;15
"233";2;5;7;8;11;11;11;17;18
"234";2;5;7;8;11;11;11;17;19
"235";2;5;7;8;11;11;11;17;19
"236";2;5;7;8;11;11;11;17;18
"237";2;5;7;8;10;12;15;15;15
"238";2;5;7;8;10;12;15;15;15
"239";2;5;7;8;10;12;15;15;15
"240";2;5;7;8;11;11;11;17;19
"241";2;5;7;8;10;12;14;14;14
"242";2;5;7;8;10;12;14;14;14
"243";2;5;7;8;10;12;15;15;15
"244";2;5;7;8;11;11;11;17;19
"245";2;5;7;8;10;12;14;14;14
"246";2;5;7;8;10;12;15;15;15
"247";2;5;7;8;10;12;14;14;14
"248";2;5;7;8;10;12;15;15;15
"249";2;5;7;8;10;12;14;14;14
"250";2;5;7;8;10;12;15;15;15
"251";2;5;7;8;10;12;15;15;15
"252";2;5;7;8;10;12;15;15;15
"253";2;5;7;8;11;11;11;17;19
"254";2;5;7;8;10;12;15;15;15
"255";2;5;7;8;10;12;15;15;15
"256";2;5;7;8;10;12;15;15;15
"257";2;5;7;8;10;12;14;14;14
"258";2;5;7;8;10;12;15;15;15
"259";2;5;7;8;10;12;15;15;15
"260";2;5;7;8;10;12;15;15;15
"261";2;5;7;8;10;12;15;15;15
"262";2;5;7;8;10;12;15;15;15
"263";2;5;7;8;10;12;15;15;15
"264";2;5;7;8;10;12;15;15;15
"265";2;5;7;8;10;12;15;15;15
"266";2;5;7;8;11;11;11;17;19
"267";2;5;7;8;10;12;15;15;15
"268";2;5;7;8;10;12;15;15;15
"269";2;5;7;8;10;12;15;15;15
"270";2;5;7;8;11;11;11;17;18
"271";2;5;7;8;10;12;15;15;15
"272";2;5;7;8;10;12;15;15;15
"273";2;5;7;8;11;11;11;17;18
"274";2;5;7;8;11;11;11;17;18
"275";2;5;7;8;11;11;11;17;18
"276";2;5;7;8;10;12;14;14;14
"277";2;5;7;8;11;11;11;17;18
"278";2;5;7;8;10;12;15;15;15
"279";2;5;7;8;10;13;13;13;13
"280";2;5;7;8;10;12;15;15;15
"281";2;5;7;8;10;12;15;15;15
"282";2;5;7;8;10;12;15;15;15
"283";2;4;4;4;4;4;4;4;4
"284";2;5;7;8;10;13;13;13;13
"285";2;5;7;8;10;12;15;15;15
"286";2;5;7;8;10;12;14;14;14
"287";2;5;7;8;10;12;15;15;15
"288";2;5;7;8;10;12;15;15;15
"289";2;5;7;8;11;11;11;17;18
"290";2;5;7;8;10;12;15;15;15
"291";2;5;7;8;10;12;15;15;15
"292";2;5;7;8;10;13;13;13;13
"293";2;5;7;8;10;13;13;13;13
"294";2;5;7;8;11;11;11;17;19
"295";2;5;7;8;11;11;11;17;19
"296";2;5;7;8;11;11;11;17;19
"297";2;5;7;8;11;11;11;17;18
"298";2;5;7;8;10;12;15;15;15
"299";2;5;7;8;10;12;15;15;15
"300";2;4;4;4;4;4;4;4;4
"301";2;4;4;4;4;4;4;4;4
"302";2;4;4;4;4;4;4;4;4
"303";2;5;7;8;10;12;15;15;15
"304";2;5;7;8;10;13;13;13;13
"305";2;5;7;8;11;11;11;17;19
"306";2;5;7;8;11;11;11;17;19
"307";2;5;7;8;11;11;11;17;19
"308";2;5;7;8;11;11;11;17;18
"309";2;5;7;8;10;12;15;15;15
"310";2;5;7;8;11;11;11;17;18
"311";2;5;7;8;11;11;11;17;18
"312";2;5;7;8;11;11;11;17;18
"313";2;5;7;8;11;11;11;17;18
"314";2;5;7;8;11;11;11;17;18
"315";2;5;7;8;10;13;13;13;13
"316";2;5;7;8;10;12;15;15;15
"317";2;5;7;8;11;11;11;17;18
"318";2;5;7;8;11;11;11;17;18
"319";2;5;7;8;11;11;11;17;18
"320";2;5;7;8;10;12;14;14;14
"321";2;5;7;8;10;12;14;14;14
"322";2;5;7;8;11;11;11;17;18
"323";2;5;7;8;11;11;11;17;18
"324";2;5;7;8;11;11;11;17;18
"325";2;5;7;8;11;11;11;17;19
"326";2;5;7;8;11;11;11;17;18
"327";2;5;7;8;11;11;11;17;18
"328";2;5;7;8;10;12;15;15;15
"329";2;5;7;8;10;12;15;15;15
"330";2;5;7;8;11;11;11;17;18
"331";2;5;7;8;11;11;11;17;18
"332";2;5;7;8;10;12;15;15;15
"333";2;5;7;8;11;11;11;17;18
"334";2;5;7;8;10;12;15;15;15
"335";2;5;7;8;10;13;13;13;13
"336";2;5;7;8;11;11;11;17;18
"337";2;5;7;8;11;11;11;17;18
"338";2;5;7;8;11;11;11;17;18
"339";0;0;0;0;0;0;0;0;0
"340";2;5;7;8;10;12;15;15;15
"341";2;5;7;8;11;11;11;17;18
"342";2;5;7;8;11;11;11;17;18
"343";2;5;7;8;11;11;11;17;18
"344";2;5;7;8;11;11;11;17;18
"345";2;5;7;8;11;11;11;17;18
"346";2;5;7;8;11;11;11;17;19
"347";2;5;7;8;11;11;11;17;19
"348";2;5;7;8;11;11;11;17;18
"349";2;5;7;8;11;11;11;17;18
"350";2;5;7;8;11;11;11;17;18
"351";2;5;7;8;10;12;14;14;14
"352";2;5;7;8;11;11;11;17;18
"353";2;5;7;8;10;12;15;15;15
"354";2;5;7;8;11;11;11;17;19
"355";2;5;7;8;11;11;11;17;19
"356";2;5;7;8;11;11;11;17;19
"357";2;5;7;8;11;11;11;17;19
"358";2;5;7;8;11;11;11;17;19
"359";2;5;7;8;11;11;11;17;19
"360";2;5;7;8;11;11;11;17;19
"361";2;5;7;8;11;11;11;17;18
"362";2;5;7;8;10;12;15;15;15
"363";2;5;7;8;11;11;11;17;18
"364";2;5;7;8;11;11;11;17;18
"365";2;5;7;8;11;11;11;17;18
"366";2;5;7;8;11;11;11;17;18
"367";2;5;7;8;11;11;11;17;19
"368";2;5;7;8;11;11;11;17;19
"369";2;4;4;4;4;4;4;4;4
"370";2;5;7;8;11;11;11;17;19
"371";2;5;7;8;11;11;11;17;19
"372";2;5;7;8;11;11;11;17;18
"373";0;0;0;0;0;0;0;0;0
"374";2;5;7;8;11;11;11;17;19
"375";2;5;7;8;10;12;15;15;15
"376";0;0;0;0;0;0;0;0;0
"377";2;5;7;8;10;12;14;14;14
"378";2;5;7;8;11;11;11;17;19
"379";2;5;7;8;11;11;11;17;19
"380";2;5;7;8;11;11;11;17;19
"381";2;5;7;8;11;11;11;17;19
"382";2;5;7;8;11;11;11;17;18
"383";2;5;7;8;11;11;11;17;19
"384";2;5;7;8;11;11;11;17;18
"385";2;4;4;4;4;4;4;4;4
"386";2;5;7;8;11;11;11;17;19
"387";2;5;7;8;11;11;11;17;19
"388";2;5;7;8;11;11;11;17;18
"389";0;0;0;0;0;0;0;0;0
"390";2;5;7;8;11;11;11;17;19
"391";2;5;7;8;11;11;11;17;19
"392";2;5;7;8;10;12;15;15;15
"393";2;5;7;8;10;12;15;15;15
"394";2;5;7;8;11;11;11;17;18
"395";2;5;7;8;11;11;11;17;19
"396";2;5;7;8;11;11;11;17;19
"397";2;5;7;8;11;11;11;17;19
"398";2;5;7;8;11;11;11;17;19
"399";2;5;7;8;11;11;11;17;18
"400";2;5;7;8;11;11;11;16;16
"401";2;5;7;8;11;11;11;16;16
"402";2;5;7;8;11;11;11;16;16
"403";2;5;7;8;11;11;11;16;16
"404";2;5;7;8;11;11;11;16;16
"405";0;0;0;0;0;0;0;0;0
"406";2;5;7;8;11;11;11;16;16
"407";2;5;7;8;11;11;11;17;19
"408";2;5;7;8;11;11;11;17;18
"409";2;5;7;8;11;11;11;16;16
"410";2;5;7;8;11;11;11;16;16
"411";2;5;7;8;11;11;11;16;16
"412";2;5;7;8;11;11;11;16;16
"413";2;4;4;4;4;4;4;4;4
"414";2;5;7;8;11;11;11;16;16
"415";0;0;0;0;0;0;0;0;0
"416";2;5;7;8;11;11;11;17;18
"417";2;4;4;4;4;4;4;4;4
"418";2;5;7;8;10;12;15;15;15
"419";2;5;7;8;11;11;11;16;16
"420";2;5;7;8;11;11;11;16;16
"421";2;5;7;8;11;11;11;16;16
"422";2;5;7;8;11;11;11;16;16
"423";2;5;7;8;11;11;11;16;16
"424";2;5;7;8;10;12;15;15;15
"425";2;5;7;8;11;11;11;17;18
"426";2;5;7;8;11;11;11;17;18
"427";2;5;7;8;11;11;11;16;16
"428";2;5;7;8;10;12;15;15;15
"429";2;5;7;8;10;12;15;15;15
"430";2;5;7;8;10;12;15;15;15
"431";2;5;7;8;11;11;11;17;18
"432";2;5;7;8;11;11;11;16;16
"433";2;5;7;8;10;12;15;15;15
"434";2;5;7;8;11;11;11;17;19
"435";2;5;7;8;10;12;14;14;14
"436";2;5;7;8;11;11;11;17;19
"437";2;5;7;8;11;11;11;16;16
"438";2;5;7;8;11;11;11;17;19
"439";2;5;7;8;11;11;11;17;18
"440";2;5;7;8;10;12;15;15;15
"441";2;5;7;8;11;11;11;17;18
"442";2;5;7;8;10;12;14;14;14
"443";2;5;7;8;11;11;11;16;16
"444";2;5;7;8;11;11;11;16;16
"445";2;5;6;6;6;6;6;6;6
"446";2;5;7;8;10;12;15;15;15
"447";2;5;7;8;10;12;15;15;15
"448";2;5;7;8;11;11;11;17;18
"449";2;5;7;8;11;11;11;17;18
"450";2;5;7;8;11;11;11;17;19
"451";2;5;7;8;11;11;11;17;19
"452";2;5;7;8;10;12;15;15;15
"453";2;5;7;8;10;12;15;15;15
"454";2;5;7;8;11;11;11;17;19
"455";2;5;7;8;10;12;15;15;15
"456";2;5;7;8;11;11;11;17;19
"457";2;5;7;8;11;11;11;17;19
"458";2;5;7;8;11;11;11;17;19
"459";2;5;7;8;11;11;11;17;19
"460";2;5;7;8;11;11;11;17;18
"461";2;5;7;8;11;11;11;17;19
"462";2;5;7;8;11;11;11;17;19
"463";2;5;7;8;10;12;14;14;14
"464";2;5;7;8;11;11;11;17;18
"465";2;5;7;8;10;12;15;15;15
"466";2;5;7;8;10;12;15;15;15
"467";2;5;7;8;11;11;11;17;19
"468";2;5;7;8;10;12;15;15;15
"469";2;5;7;8;10;12;15;15;15
"470";2;5;7;8;11;11;11;17;19
"471";2;5;7;8;10;12;15;15;15
"472";2;5;7;8;10;12;15;15;15
"473";0;0;0;0;0;0;0;0;0
"474";2;5;7;8;11;11;11;17;18
"475";2;5;7;8;11;11;11;17;19
"476";2;5;7;8;10;12;15;15;15
"477";2;5;7;8;10;12;15;15;15
"478";2;5;7;8;10;12;15;15;15
"479";2;5;7;8;11;11;11;17;19
"480";2;5;7;8;10;12;15;15;15
"481";2;5;7;8;10;12;14;14;14
"482";2;5;7;8;10;12;14;14;14
"483";0;0;0;0;0;0;0;0;0
"484";2;5;7;8;10;12;15;15;15
"485";2;5;7;8;10;12;15;15;15
"486";2;5;7;8;11;11;11;17;18
"487";2;5;7;8;10;12;15;15;15
"488";2;5;7;8;11;11;11;17;18
"489";2;5;7;8;10;12;15;15;15
"490";2;5;7;8;11;11;11;17;18
"491";2;5;7;8;11;11;11;17;19
"492";2;5;7;8;11;11;11;17;19
"493";0;0;0;0;0;0;0;0;0
"494";2;5;7;8;10;12;15;15;15
"495";2;5;7;8;10;12;15;15;15
"496";2;5;7;8;10;12;15;15;15
"497";2;5;7;8;11;11;11;17;18
"498";2;5;7;8;11;11;11;17;19
"499";0;0;0;0;0;0;0;0;0
"500";2;0;0;0;0;0;0;0;0
"501";2;5;7;8;10;12;14;14;14
"502";2;5;7;8;11;11;11;17;19
"503";2;5;7;8;11;11;11;16;16
"504";2;5;7;8;10;12;15;15;15
"505";2;5;7;8;11;11;11;17;18
"506";2;5;7;8;11;11;11;17;18
"507";2;5;7;8;11;11;11;17;18
"508";2;5;7;8;10;12;15;15;15
"509";2;5;7;8;11;11;11;17;19
"510";2;5;7;8;11;11;11;17;19
"511";2;5;7;8;10;12;14;14;14
"512";2;5;7;8;10;12;15;15;15
"513";2;5;7;8;10;12;15;15;15
"514";2;5;7;8;10;12;15;15;15
"515";2;5;7;8;10;12;15;15;15
"516";2;5;7;8;10;12;15;15;15
"517";2;5;7;8;10;12;15;15;15
"518";2;5;7;8;10;12;15;15;15
"519";2;5;7;8;10;12;14;14;14
"520";2;5;7;8;10;12;14;14;14
"521";2;5;7;8;10;12;14;14;14
"522";2;5;7;8;10;12;14;14;14
"523";2;5;7;8;10;12;14;14;14
"524";2;5;7;8;10;12;15;15;15
"525";2;5;7;8;10;12;15;15;15
"526";2;5;7;8;10;12;14;14;14
"527";2;5;7;8;10;12;14;14;14
"528";2;5;7;8;10;12;14;14;14
"529";2;5;7;8;10;12;14;14;14
"530";2;5;7;8;10;12;14;14;14
"531";2;5;7;8;10;12;14;14;14
"532";2;5;7;8;10;12;14;14;14
"533";2;5;7;8;10;12;14;14;14
"534";0;0;0;0;0;0;0;0;0
"535";2;5;7;8;10;12;14;14;14
"536";2;5;7;8;10;12;15;15;15
"537";2;5;7;8;10;12;14;14;14
"538";2;5;7;8;10;12;15;15;15
"539";2;5;7;8;10;12;14;14;14
"540";2;5;7;8;10;12;14;14;14
"541";2;5;7;8;10;12;15;15;15
"542";2;5;7;8;10;12;15;15;15
"543";2;5;7;8;10;12;15;15;15
"544";2;5;7;8;10;12;14;14;14
"545";2;5;7;8;10;12;14;14;14
"546";2;5;7;8;10;12;15;15;15
"547";2;5;7;8;10;12;14;14;14
"548";2;5;7;8;10;12;15;15;15
"549";2;5;7;8;10;12;15;15;15
"550";0;0;0;0;0;0;0;0;0
"551";2;5;7;8;10;12;15;15;15
"552";2;5;7;8;10;12;14;14;14
"553";2;5;7;8;11;11;11;17;19
"554";2;5;7;8;10;12;15;15;15
"555";2;5;7;8;10;12;15;15;15
"556";2;5;7;8;10;12;15;15;15
"557";0;0;0;0;0;0;0;0;0
"558";2;5;7;8;10;12;15;15;15
"559";2;5;7;8;10;12;15;15;15
"560";2;5;7;8;10;12;15;15;15
"561";2;5;7;8;10;12;15;15;15
"562";2;5;7;8;10;12;14;14;14
"563";2;5;7;8;10;12;15;15;15
"564";2;5;7;8;11;11;11;17;18
"565";2;5;7;8;10;12;15;15;15
"566";2;5;7;8;11;11;11;17;19
"567";0;0;0;0;0;0;0;0;0
"568";2;5;7;8;10;12;15;15;15
"569";2;5;7;9;9;9;9;9;9
"570";2;5;7;9;9;9;9;9;9
"571";2;5;7;9;9;9;9;9;9
"572";2;5;7;8;10;12;14;14;14
"573";2;5;7;8;10;12;14;14;14
"574";2;5;7;8;10;12;15;15;15
"575";2;5;7;9;9;9;9;9;9
"576";0;0;0;0;0;0;0;0;0
"577";2;5;7;9;9;9;9;9;9
"578";2;5;7;8;11;11;11;17;18
"579";2;5;7;8;10;12;15;15;15
"580";2;5;7;8;10;12;15;15;15
"581";2;5;7;8;10;12;15;15;15
"582";2;5;7;8;10;12;15;15;15
"583";2;5;7;9;9;9;9;9;9
"584";2;5;7;8;10;12;15;15;15
"585";2;5;7;8;10;12;15;15;15
"586";2;5;7;8;10;12;15;15;15
"587";2;5;7;8;10;12;14;14;14
"588";2;5;7;8;10;12;15;15;15
"589";0;0;0;0;0;0;0;0;0
"590";2;5;7;8;10;12;14;14;14
"591";2;5;7;9;9;9;9;9;9
"592";2;5;7;8;10;12;15;15;15
"593";2;5;7;8;10;12;15;15;15
"594";2;5;7;8;11;11;11;17;18
"595";2;5;7;8;11;11;11;17;19
"596";0;0;0;0;0;0;0;0;0
"597";2;5;7;8;10;12;15;15;15
"598";2;5;7;8;10;12;15;15;15
"599";2;5;7;8;10;12;15;15;15
"600";2;5;7;8;11;11;11;17;19
"601";2;5;7;9;9;9;9;9;9
"602";2;5;7;8;10;12;15;15;15
"603";2;5;7;8;11;11;11;17;18
"604";2;5;7;8;10;12;15;15;15
"605";2;5;7;8;10;12;15;15;15
"606";0;0;0;0;0;0;0;0;0
"607";2;5;7;8;10;12;15;15;15
"608";2;5;7;8;10;12;15;15;15
"609";2;5;7;8;11;11;11;17;19
"610";2;5;7;8;10;12;15;15;15
"611";2;5;7;8;10;12;15;15;15
"612";2;5;7;8;11;11;11;17;19
"613";2;5;7;8;10;12;15;15;15
"614";2;5;7;8;11;11;11;17;19
"615";2;5;7;8;10;12;15;15;15
"616";2;5;7;8;11;11;11;17;19
"617";2;5;7;8;11;11;11;17;19
"618";2;5;7;8;11;11;11;17;19
"619";2;5;7;8;11;11;11;17;19
"620";2;5;7;8;10;12;15;15;15
"621";2;5;7;8;11;11;11;17;18
"622";2;5;7;8;11;11;11;17;18
"623";2;5;7;8;11;11;11;17;18
"624";0;0;0;0;0;0;0;0;0
"625";2;5;7;8;10;12;15;15;15
"626";2;5;7;8;11;11;11;17;18
"627";2;5;6;6;6;6;6;6;6
"628";2;5;7;8;11;11;11;17;19
"629";2;5;7;8;11;11;11;17;19
"630";2;5;6;6;6;6;6;6;6
"631";2;5;7;8;11;11;11;17;19
"632";2;5;7;8;11;11;11;17;19
"633";2;5;7;8;11;11;11;17;19
"634";2;5;7;8;11;11;11;17;19
"635";2;5;7;8;11;11;11;17;19
"636";2;5;7;8;11;11;11;17;19
"637";2;5;7;8;11;11;11;17;19
"638";2;5;7;8;10;12;15;15;15
"639";2;5;7;8;11;11;11;17;18
"640";2;5;7;8;10;12;15;15;15
"641";2;5;7;8;11;11;11;16;16
"642";2;5;7;8;11;11;11;17;18
"643";2;5;7;8;10;12;15;15;15
"644";2;5;7;8;11;11;11;16;16
"645";2;5;7;8;10;12;15;15;15
"646";2;5;7;8;11;11;11;17;19
"647";2;5;7;8;11;11;11;17;19
"648";2;5;7;8;11;11;11;17;19
"649";2;4;4;4;4;4;4;4;4
"650";2;5;7;8;11;11;11;17;19
"651";2;5;7;8;10;12;15;15;15
"652";0;0;0;0;0;0;0;0;0
"653";2;5;7;8;11;11;11;17;18
"654";2;5;7;8;11;11;11;17;19
"655";2;5;6;6;6;6;6;6;6
"656";2;5;7;8;11;11;11;17;19
"657";2;5;7;8;11;11;11;17;19
"658";2;5;7;8;11;11;11;17;18
"659";2;5;7;8;11;11;11;17;19
"660";2;5;7;8;11;11;11;17;19
"661";2;5;7;8;11;11;11;17;19
"662";2;5;7;8;11;11;11;17;19
"663";2;5;7;8;11;11;11;17;18
"664";2;5;6;6;6;6;6;6;6
"665";2;5;6;6;6;6;6;6;6
"666";2;5;7;8;10;12;14;14;14
"667";2;5;7;8;11;11;11;17;19
"668";2;5;7;8;11;11;11;17;19
"669";2;5;7;8;11;11;11;17;19
"670";2;5;7;8;11;11;11;17;19
"671";2;5;7;8;11;11;11;17;19
"672";2;5;7;8;11;11;11;17;19
"673";2;4;4;4;4;4;4;4;4
"674";2;5;7;8;10;12;15;15;15
"675";2;5;7;8;11;11;11;17;19
"676";2;5;7;8;10;12;14;14;14
"677";2;5;7;8;10;12;15;15;15
"678";2;5;7;8;11;11;11;17;19
"679";2;5;7;8;10;12;14;14;14
"680";2;5;7;8;10;12;15;15;15
"681";2;5;7;8;11;11;11;17;19
"682";2;5;7;8;11;11;11;17;18
"683";2;5;7;8;11;11;11;17;19
"684";2;5;7;8;10;12;15;15;15
"685";2;5;7;8;10;12;15;15;15
"686";2;5;7;8;10;12;15;15;15
"687";2;5;7;8;11;11;11;17;18
"688";2;5;7;8;11;11;11;17;19
"689";2;5;7;8;11;11;11;17;19
"690";2;5;7;8;10;12;15;15;15
"691";2;5;7;8;11;11;11;17;19
"692";2;5;7;8;10;12;14;14;14
"693";2;5;7;8;11;11;11;17;19
"694";2;5;7;8;11;11;11;17;19
"695";2;5;7;8;11;11;11;17;18
"696";2;5;7;8;11;11;11;17;19
"697";2;5;7;8;11;11;11;17;19
"698";2;5;7;8;10;12;15;15;15
"699";2;5;7;8;11;11;11;17;18
"700";2;5;7;8;10;12;15;15;15
"701";2;5;7;8;10;12;15;15;15
"702";2;4;4;4;4;4;4;4;4
"703";2;5;7;8;10;12;15;15;15
"704";2;5;7;8;10;12;15;15;15
"705";2;5;7;8;10;12;15;15;15
"706";2;5;7;8;10;12;15;15;15
"707";2;5;7;8;10;13;13;13;13
"708";2;5;7;8;10;13;13;13;13
"709";2;5;7;8;10;13;13;13;13
"710";2;5;7;8;10;13;13;13;13
"711";2;5;7;8;10;13;13;13;13
"712";2;5;7;8;11;11;11;17;18
"713";2;5;7;8;11;11;11;17;19
"714";2;5;7;8;11;11;11;17;18
"715";2;5;7;8;10;12;15;15;15
"716";2;5;7;8;10;12;14;14;14
"717";2;5;7;8;10;12;14;14;14
"718";0;0;0;0;0;0;0;0;0
"719";2;5;7;8;10;12;14;14;14
"720";2;5;7;8;10;12;14;14;14
"721";2;5;7;8;10;12;14;14;14
"722";2;5;7;8;10;12;14;14;14
"723";2;5;7;8;10;12;14;14;14
"724";2;5;7;8;10;12;14;14;14
"725";2;5;7;8;10;12;15;15;15
"726";2;5;7;8;10;12;14;14;14
"727";2;5;7;8;10;12;14;14;14
"728";2;5;7;8;10;12;15;15;15
"729";2;5;7;8;11;11;11;17;18
"730";2;5;7;8;10;12;14;14;14
"731";2;5;7;8;10;12;14;14;14
"732";2;5;7;8;10;12;14;14;14
"733";2;5;7;8;10;12;15;15;15
"734";2;5;7;8;10;12;14;14;14
"735";2;5;7;8;10;12;15;15;15
"736";2;5;7;8;11;11;11;17;18
"737";2;5;7;8;10;12;15;15;15
"738";2;5;7;8;10;12;14;14;14
"739";2;5;7;8;10;12;15;15;15
"740";2;5;7;8;10;12;15;15;15
"741";2;5;7;8;10;12;15;15;15
"742";2;5;7;8;10;12;15;15;15
"743";2;5;7;8;10;12;15;15;15
"744";2;5;7;8;10;12;15;15;15
"745";2;5;7;8;11;11;11;17;18
"746";2;4;4;4;4;4;4;4;4
"747";2;5;7;8;10;12;14;14;14
"748";2;5;7;8;10;12;15;15;15
"749";2;5;7;8;10;12;15;15;15
"750";2;5;7;8;10;12;15;15;15
"751";2;5;7;8;10;12;14;14;14
"752";2;5;7;8;10;12;15;15;15
"753";2;5;7;8;10;12;14;14;14
"754";2;5;7;8;10;12;15;15;15
"755";2;5;7;8;10;12;15;15;15
"756";2;5;7;8;11;11;11;17;19
"757";2;5;7;8;10;12;15;15;15
"758";2;5;7;8;10;12;14;14;14
"759";2;5;7;8;10;12;14;14;14
"760";2;5;7;8;10;12;14;14;14
"761";2;5;7;8;10;12;15;15;15
"762";2;5;7;8;10;12;15;15;15
"763";2;5;7;8;10;12;15;15;15
"764";2;5;7;8;10;12;15;15;15
"765";2;5;7;8;10;12;14;14;14
"766";2;5;7;8;11;11;11;17;18
"767";2;5;7;8;10;12;14;14;14
"768";2;5;7;8;10;12;15;15;15
"769";2;5;7;8;10;12;15;15;15
"770";2;5;7;8;10;12;15;15;15
"771";2;5;7;8;10;12;14;14;14
"772";2;5;7;8;10;12;14;14;14
"773";2;5;7;8;10;12;14;14;14
"774";2;5;7;8;10;12;14;14;14
"775";2;5;7;8;10;12;14;14;14
"776";2;5;7;8;10;12;14;14;14
"777";2;5;7;8;10;12;15;15;15
"778";2;5;7;8;11;11;11;16;16
"779";2;5;7;8;10;12;15;15;15
"780";2;5;7;8;10;12;15;15;15
"781";2;5;7;8;10;12;15;15;15
"782";2;5;7;8;10;12;15;15;15
"783";2;5;7;8;10;12;15;15;15
"784";2;5;7;8;10;12;15;15;15
"785";2;5;7;8;10;12;15;15;15
"786";2;5;7;8;10;12;15;15;15
"787";2;5;7;8;10;12;15;15;15
"788";2;5;7;8;10;12;14;14;14
"789";2;5;7;8;10;12;15;15;15
"790";0;0;0;0;0;0;0;0;0
"791";2;5;7;8;10;12;15;15;15
"792";2;5;7;8;10;12;15;15;15
"793";2;5;7;8;10;12;15;15;15
"794";2;5;7;8;11;11;11;17;18
"795";2;5;7;8;10;12;14;14;14
"796";2;5;7;8;10;12;14;14;14
"797";2;5;7;8;10;12;15;15;15
"798";2;5;7;8;10;12;14;14;14
"799";2;5;7;8;10;12;15;15;15
"800";2;5;7;8;11;11;11;17;18
"801";2;5;7;8;10;12;14;14;14
"802";2;5;7;8;10;12;15;15;15
"803";2;5;7;8;11;11;11;17;19
"804";2;5;7;8;10;12;15;15;15
"805";2;5;7;8;10;12;15;15;15
"806";2;5;7;8;10;12;15;15;15
"807";2;5;7;8;10;12;15;15;15
"808";2;5;7;8;10;12;14;14;14
"809";2;5;7;8;10;12;15;15;15
"810";2;5;7;8;10;12;15;15;15
"811";2;5;7;8;10;12;15;15;15
"812";2;5;7;8;10;12;15;15;15
"813";2;5;7;8;10;12;15;15;15
"814";2;5;7;8;10;12;15;15;15
"815";2;5;7;8;10;12;15;15;15
"816";2;5;7;8;10;12;15;15;15
"817";2;5;7;8;10;12;15;15;15
"818";2;5;7;8;10;12;14;14;14
"819";2;5;7;8;10;12;15;15;15
"820";2;5;7;8;10;12;15;15;15
"821";2;5;7;8;10;12;15;15;15
"822";2;5;7;8;10;12;15;15;15
"823";2;5;7;8;10;12;15;15;15
"824";2;5;7;8;10;12;15;15;15
"825";2;5;7;8;10;12;15;15;15
"826";2;5;7;8;10;12;15;15;15
"827";2;5;7;8;10;12;15;15;15
"828";2;5;7;8;10;12;15;15;15
"829";2;5;7;8;10;12;14;14;14
"830";2;5;7;8;10;12;15;15;15
"831";2;5;7;8;10;12;15;15;15
"832";2;5;7;8;10;12;15;15;15
"833";2;5;7;8;11;11;11;17;19
"834";2;5;7;8;10;12;15;15;15
"835";2;5;7;8;10;12;15;15;15
"836";2;5;7;8;10;12;15;15;15
"837";2;5;7;8;10;12;15;15;15
"838";2;5;7;8;10;12;15;15;15
"839";0;0;0;0;0;0;0;0;0
"840";2;5;7;8;10;12;15;15;15
"841";2;5;7;8;10;12;14;14;14
"842";2;5;7;8;10;12;15;15;15
"843";2;5;7;8;10;12;14;14;14
"844";2;5;7;8;10;12;14;14;14
"845";2;5;7;8;11;11;11;17;19
"846";2;5;7;8;10;12;14;14;14
"847";2;5;7;8;11;11;11;17;19
"848";2;5;7;8;10;12;15;15;15
"849";2;5;7;8;10;12;15;15;15
"850";2;5;7;8;10;12;14;14;14
"851";2;5;7;8;10;12;14;14;14
"852";0;0;0;0;0;0;0;0;0
"853";2;5;7;8;10;12;14;14;14
"854";2;5;7;8;11;11;11;17;19
"855";2;5;7;8;10;12;15;15;15
"856";2;5;7;8;11;11;11;17;19
"857";2;5;7;8;10;12;15;15;15
"858";2;5;7;8;10;12;15;15;15
"859";2;5;7;8;10;12;15;15;15
"860";2;5;7;8;10;12;15;15;15
"861";2;5;7;8;11;11;11;17;19
"862";2;5;7;8;11;11;11;17;18
"863";2;5;7;8;11;11;11;17;19
"864";2;5;7;8;10;12;15;15;15
"865";2;5;7;8;11;11;11;17;18
"866";2;5;7;9;9;9;9;9;9
"867";2;5;7;8;11;11;11;16;16
"868";2;5;7;8;10;12;15;15;15
"869";2;5;7;8;10;12;15;15;15
"870";2;5;7;8;10;12;15;15;15
"871";2;5;7;8;10;12;15;15;15
"872";2;5;7;8;10;12;14;14;14
"873";2;5;7;8;10;12;15;15;15
